EmployeeKey,ParentEmployeeKey,EmployeeNationalIDAlternateKey,ParentEmployeeNationalIDAlternateKey,SalesTerritoryKey,FirstName,LastName,MiddleName,NameStyle,Title,HireDate,BirthDate,LoginID,EmailAddress,Phone,MaritalStatus,EmergencyContactName,EmergencyContactPhone,SalariedFlag,Gender,PayFrequency,BaseRate,VacationHours,SickLeaveHours,CurrentFlag,SalesPersonFlag,DepartmentName,StartDate,EndDate,Status
1,18,14417807,NULL,11,Guy,Gilbert,R,0,Production Technician - WC60,1/28/2006,11/12/1981,adventure-works\guy1,guy1@adventure-works.com,320-555-0195,M,Guy Gilbert,320-555-0195,0,M,1,12.45,21,30,1,0,Production,1/28/2006,NULL,Current
2,7,253022876,NULL,11,Kevin,Brown,F,0,Marketing Assistant,8/26/2006,12/01/1986,adventure-works\kevin0,kevin0@adventure-works.com,150-555-0189,S,Kevin Brown,150-555-0189,0,M,2,13.4615,42,41,1,0,Marketing,8/26/2006,NULL,Current
3,14,509647174,NULL,11,Roberto,Tamburello,NULL,0,Engineering Manager,6/11/2007,6/12/1974,adventure-works\roberto0,roberto0@adventure-works.com,212-555-0187,M,Roberto Tamburello,212-555-0187,1,M,2,43.2692,2,21,1,0,Engineering,6/11/2007,NULL,Current
4,3,112457891,NULL,11,Rob,Walters,NULL,0,Senior Tool Designer,7/05/2007,7/23/1974,adventure-works\rob0,rob0@adventure-works.com,612-555-0100,S,Rob Walters,612-555-0100,0,M,2,29.8462,48,80,1,0,Tool Design,7/05/2007,12/28/2009,NULL
5,3,112457891,NULL,11,Rob,Walters,NULL,0,Senior Tool Designer,7/05/2007,7/23/1974,adventure-works\rob0,rob0@adventure-works.com,612-555-0100,S,Rob Walters,612-555-0100,0,M,2,29.8462,48,80,1,0,Tool Design,12/28/2009,NULL,Current
6,267,480168528,NULL,11,Thierry,D'Hers,B,0,Tool Designer,7/11/2007,2/26/1959,adventure-works\thierry0,thierry0@adventure-works.com,168-555-0183,M,Thierry D'Hers,168-555-0183,0,M,2,25,9,24,1,0,Tool Design,7/11/2007,NULL,Current
7,112,24756624,NULL,11,David,Bradley,M,0,Marketing Manager,7/20/2007,10/17/1974,adventure-works\david0,david0@adventure-works.com,913-555-0172,S,David Bradley,913-555-0172,1,M,2,37.5,40,40,1,0,Marketing,7/20/2007,2/11/2009,NULL
8,112,24756624,NULL,11,David,Bradley,M,0,Marketing Manager,7/20/2007,10/17/1974,adventure-works\david0,david0@adventure-works.com,913-555-0172,S,David Bradley,913-555-0172,1,M,2,37.5,40,40,1,0,Marketing,2/12/2009,NULL,Current
9,23,309738752,NULL,11,JoLynn,Dobney,M,0,Production Supervisor - WC60,7/26/2007,8/16/1955,adventure-works\jolynn0,jolynn0@adventure-works.com,903-555-0145,S,JoLynn Dobney,903-555-0145,0,F,2,25,82,61,1,0,Production,7/26/2007,NULL,Current
10,189,690627818,NULL,11,Ruth,Ellerbrock,Ann,0,Production Technician - WC10,8/06/2007,1/03/1956,adventure-works\ruth0,ruth0@adventure-works.com,145-555-0130,M,Ruth Ellerbrock,145-555-0130,0,F,1,13.45,83,61,1,0,Production,8/06/2007,NULL,Current
11,3,695256908,NULL,11,Gail,Erickson,A,0,Design Engineer,8/06/2007,4/27/1952,adventure-works\gail0,gail0@adventure-works.com,849-555-0139,M,Gail Erickson,849-555-0139,1,F,2,32.6923,5,22,1,0,Engineering,8/06/2007,NULL,Current
12,189,912265825,NULL,11,Barry,Johnson,K,0,Production Technician - WC10,8/07/2007,10/25/1955,adventure-works\barry0,barry0@adventure-works.com,206-555-0180,S,Barry Johnson,206-555-0180,0,M,1,13.45,88,64,1,0,Production,8/07/2007,NULL,Current
13,3,998320692,NULL,11,Jossef,Goldberg,H,0,Design Engineer,8/24/2007,10/09/1958,adventure-works\jossef0,jossef0@adventure-works.com,122-555-0189,M,Jossef Goldberg,122-555-0189,1,M,2,32.6923,6,23,1,0,Engineering,8/24/2007,NULL,Current
14,112,245797967,NULL,11,Terri,Duffy,Lee,0,Vice President of Engineering,8/31/2007,3/01/1971,adventure-works\terri0,terri0@adventure-works.com,819-555-0175,S,Terri Duffy,819-555-0175,1,F,2,63.4615,1,20,1,0,Engineering,8/31/2007,NULL,Current
15,189,844973625,NULL,11,Sidney,Higa,M,0,Production Technician - WC10,9/02/2007,3/30/1956,adventure-works\sidney0,sidney0@adventure-works.com,424-555-0189,M,Sidney Higa,424-555-0189,0,M,1,13.45,84,62,1,0,Production,9/02/2007,NULL,Current
16,23,233069302,NULL,11,Taylor,Maxwell,R,0,Production Supervisor - WC50,9/08/2007,10/31/1955,adventure-works\taylor0,taylor0@adventure-works.com,508-555-0165,M,Taylor Maxwell,508-555-0165,0,M,2,25,79,59,1,0,Production,9/08/2007,NULL,Current
17,189,132674823,NULL,11,Jeffrey,Ford,L,0,Production Technician - WC10,9/20/2007,2/09/1956,adventure-works\jeffrey0,jeffrey0@adventure-works.com,984-555-0185,S,Jeffrey Ford,984-555-0185,0,M,1,13.45,85,62,1,0,Production,9/20/2007,NULL,Current
18,23,446466105,NULL,11,Jo,Brown,A,0,Production Supervisor - WC60,9/27/2007,5/08/1956,adventure-works\jo0,jo0@adventure-works.com,632-555-0129,S,Jo Brown,632-555-0129,0,F,2,25,80,60,1,0,Production,9/27/2007,NULL,Current
19,189,565090917,NULL,11,Doris,Hartwig,M,0,Production Technician - WC10,10/09/2007,11/03/1955,adventure-works\doris0,doris0@adventure-works.com,328-555-0150,M,Doris Hartwig,328-555-0150,0,F,1,13.45,86,63,1,0,Production,10/09/2007,NULL,Current
20,23,494170342,NULL,11,John,Campbell,T,0,Production Supervisor - WC60,10/16/2007,3/07/1956,adventure-works\john0,john0@adventure-works.com,435-555-0113,M,John Campbell,435-555-0113,0,M,2,25,81,60,1,0,Production,10/16/2007,NULL,Current
21,189,9659517,NULL,11,Diane,Glimp,R,0,Production Technician - WC10,10/27/2007,10/28/1955,adventure-works\diane0,diane0@adventure-works.com,202-555-0151,M,Diane Glimp,202-555-0151,0,F,1,13.45,87,63,1,0,Production,10/27/2007,NULL,Current
22,177,443968955,NULL,11,Steven,Selikoff,T,0,Production Technician - WC30,7/01/2008,12/12/1976,adventure-works\steven0,steven0@adventure-works.com,925-555-0114,M,Steven Selikoff,925-555-0114,0,M,1,9.5,41,40,1,0,Production,7/01/2008,NULL,Current
23,112,277173473,NULL,11,Peter,Krebs,J,0,Production Control Manager,7/01/2008,6/03/1982,adventure-works\peter0,peter0@adventure-works.com,913-555-0196,M,Peter Krebs,913-555-0196,1,M,2,24.5192,43,41,1,0,Production Control,7/01/2008,NULL,Current
24,201,835460180,NULL,11,Stuart,Munson,V,0,Production Technician - WC45,7/02/2008,4/13/1962,adventure-works\stuart0,stuart0@adventure-works.com,413-555-0136,S,Stuart Munson,413-555-0136,0,M,1,10,84,62,1,0,Production,7/02/2008,NULL,Current
25,201,687685941,NULL,11,Greg,Alderson,F,0,Production Technician - WC45,7/02/2008,11/15/1975,adventure-works\greg0,greg0@adventure-works.com,332-555-0150,S,Greg Alderson,332-555-0150,0,M,1,10,85,62,1,0,Production,7/02/2008,NULL,Current
26,188,498138869,NULL,11,David,Johnson,N,0,Production Technician - WC30,7/02/2008,6/02/1979,adventure-works\david1,david1@adventure-works.com,166-555-0162,S,David Johnson,166-555-0162,0,M,1,9.5,25,32,1,0,Production,7/02/2008,NULL,Current
27,23,360868122,NULL,11,Zheng,Mu,W,0,Production Supervisor - WC10,7/03/2008,5/26/1983,adventure-works\zheng0,zheng0@adventure-works.com,113-555-0173,S,Zheng Mu,113-555-0173,0,M,2,25,66,53,1,0,Production,7/03/2008,NULL,Current
28,111,964089218,NULL,11,Ivo,Salmre,William,0,Production Technician - WC20,7/04/2008,8/03/1981,adventure-works\ivo0,ivo0@adventure-works.com,115-555-0179,M,Ivo Salmre,115-555-0179,0,M,1,14,9,24,1,0,Production,7/04/2008,NULL,Current
29,89,384162788,NULL,11,Paul,Komosinski,B,0,Production Technician - WC40,7/04/2008,6/13/1980,adventure-works\paul0,paul0@adventure-works.com,147-555-0160,S,Paul Komosinski,147-555-0160,0,M,1,15,68,54,1,0,Production,7/04/2008,NULL,Current
30,154,749389530,NULL,11,Ashvini,Sharma,R,0,Network Administrator,7/04/2008,10/25/1976,adventure-works\ashvini0,ashvini0@adventure-works.com,656-555-0119,S,Ashvini Sharma,656-555-0119,0,M,2,32.4519,70,55,1,0,Information Services,7/04/2008,NULL,Current
31,16,571658797,NULL,11,Kendall,Keil,C,0,Production Technician - WC50,7/05/2008,12/28/1985,adventure-works\kendall0,kendall0@adventure-works.com,138-555-0128,M,Kendall Keil,138-555-0128,0,M,1,11,11,25,1,0,Production,7/05/2008,NULL,Current
32,143,535145551,NULL,11,Paula,Barreto de Mattos,M,0,Human Resources Manager,7/06/2008,9/11/1975,adventure-works\paula0,paula0@adventure-works.com,523-555-0175,M,Paula Barreto de Mattos,523-555-0175,1,F,2,27.1394,54,47,1,0,Human Resources,7/06/2008,NULL,Current
33,214,761597760,NULL,11,Alejandro,McGuel,E,0,Production Technician - WC40,7/06/2008,7/05/1988,adventure-works\alejandro0,alejandro0@adventure-works.com,668-555-0130,S,Alejandro McGuel,668-555-0130,0,M,1,15,52,46,1,0,Production,7/06/2008,NULL,Current
34,188,271438431,NULL,11,Garrett,Young,R,0,Production Technician - WC30,7/07/2008,3/25/1984,adventure-works\garrett0,garrett0@adventure-works.com,609-555-0179,S,Garrett Young,609-555-0179,0,M,1,9.5,34,37,1,0,Production,7/07/2008,NULL,Current
35,138,160739235,NULL,11,Jian Shuo,Wang,NULL,0,Production Technician - WC30,7/07/2008,2/24/1983,adventure-works\jianshuo0,jianshuo0@adventure-works.com,952-555-0178,S,Jian Shuo Wang,952-555-0178,0,M,1,9.5,36,38,1,0,Production,7/07/2008,NULL,Current
36,87,586486572,NULL,11,Susan,Eaton,W,0,Stocker,7/07/2008,9/17/1977,adventure-works\susan0,susan0@adventure-works.com,943-555-0196,S,Susan Eaton,943-555-0196,0,F,1,9,97,68,1,0,Shipping and Receiving,7/07/2008,NULL,Current
37,87,337752649,NULL,11,Vamsi,Kuppa,N,0,Shipping and Receiving Clerk,7/07/2008,10/16/1976,adventure-works\vamsi0,vamsi0@adventure-works.com,937-555-0137,M,Vamsi Kuppa,937-555-0137,0,M,2,9.5,95,67,1,0,Shipping and Receiving,7/07/2008,NULL,Current
38,40,113695504,NULL,11,Alice,Ciccu,O,0,Production Technician - WC50,7/07/2008,8/26/1977,adventure-works\alice0,alice0@adventure-works.com,333-555-0173,M,Alice Ciccu,333-555-0173,0,F,1,11,95,67,1,0,Production,7/07/2008,NULL,Current
39,9,276751903,NULL,11,Simon,Rapier,D,0,Production Technician - WC60,7/08/2008,12/15/1989,adventure-works\simon0,simon0@adventure-works.com,963-555-0134,S,Simon Rapier,963-555-0134,0,M,1,12.45,38,39,1,0,Production,7/08/2008,NULL,Current
40,23,630184120,NULL,11,Jinghao,Liu,K,0,Production Supervisor - WC50,7/08/2008,9/05/1988,adventure-works\jinghao0,jinghao0@adventure-works.com,794-555-0159,S,Jinghao Liu,794-555-0159,0,M,2,25,77,58,1,0,Production,7/08/2008,NULL,Current
41,186,545337468,NULL,11,Michael,Hines,T,0,Production Technician - WC20,7/09/2008,12/15/1989,adventure-works\michael0,michael0@adventure-works.com,218-555-0126,S,Michael Hines,218-555-0126,0,M,1,14,20,30,1,0,Production,7/09/2008,NULL,Current
42,163,713403643,NULL,11,Yvonne,McKay,S,0,Production Technician - WC45,7/09/2008,11/13/1988,adventure-works\yvonne0,yvonne0@adventure-works.com,286-555-0189,M,Yvonne McKay,286-555-0189,0,F,1,10,79,59,1,0,Production,7/09/2008,NULL,Current
43,204,885055826,NULL,11,Peng,Wu,J,0,Quality Assurance Supervisor,7/09/2008,10/17/1975,adventure-works\peng0,peng0@adventure-works.com,164-555-0164,M,Peng Wu,164-555-0164,1,M,2,21.6346,81,60,1,0,Quality Assurance,7/09/2008,NULL,Current
44,112,441044382,NULL,11,Jean,Trenary,E,0,Information Services Manager,7/11/2008,7/13/1975,adventure-works\jean0,jean0@adventure-works.com,685-555-0120,S,Jean Trenary,685-555-0120,1,F,2,50.4808,65,52,1,0,Information Services,7/11/2008,NULL,Current
45,76,718299860,NULL,11,Russell,Hunter,NULL,0,Production Technician - WC50,7/12/2008,6/25/1972,adventure-works\russell0,russell0@adventure-works.com,786-555-0144,M,Russell Hunter,786-555-0144,0,M,1,11,6,23,1,0,Production,7/12/2008,NULL,Current
46,23,685233686,NULL,11,A. Scott,Wright,NULL,0,Master Scheduler,7/12/2008,4/17/1968,adventure-works\ascott0,ascott0@adventure-works.com,992-555-0194,S,A. Scott Wright,992-555-0194,0,M,2,23.5577,44,42,1,0,Production Control,7/12/2008,NULL,Current
47,214,295971920,NULL,11,Fred,Northup,T,0,Production Technician - WC40,7/12/2008,1/23/1989,adventure-works\fred0,fred0@adventure-works.com,818-555-0192,S,Fred Northup,818-555-0192,0,M,1,15,47,43,1,0,Production,7/12/2008,NULL,Current
48,7,95958330,NULL,11,Sariya,Harnpadoungsataya,E,0,Marketing Specialist,7/12/2008,12/19/1986,adventure-works\sariya0,sariya0@adventure-works.com,399-555-0176,S,Sariya Harnpadoungsataya,399-555-0176,0,M,2,14.4231,45,42,1,0,Marketing,7/12/2008,NULL,Current
49,32,332040978,NULL,11,Willis,Johnson,T,0,Recruiter,7/13/2008,2/15/1978,adventure-works\willis0,willis0@adventure-works.com,778-555-0141,S,Willis Johnson,778-555-0141,0,M,2,18.2692,49,44,1,0,Human Resources,7/13/2008,NULL,Current
50,40,857651804,NULL,11,Jun,Cao,T,0,Production Technician - WC50,7/14/2008,2/03/1979,adventure-works\jun0,jun0@adventure-works.com,299-555-0113,S,Jun Cao,299-555-0113,0,M,1,11,90,65,1,0,Production,7/14/2008,NULL,Current
51,222,553069203,NULL,11,Christian,Kleinerman,E,0,Maintenance Supervisor,7/14/2008,8/18/1975,adventure-works\christian0,christian0@adventure-works.com,846-555-0157,M,Christian Kleinerman,846-555-0157,1,M,2,20.4327,92,66,1,0,Facilities and Maintenance,7/14/2008,NULL,Current
52,188,351069889,NULL,11,Susan,Metters,A,0,Production Technician - WC30,7/14/2008,10/31/1982,adventure-works\susan1,susan1@adventure-works.com,639-555-0164,S,Susan Metters,639-555-0164,0,F,1,9.5,31,35,1,0,Production,7/14/2008,NULL,Current
53,23,370989364,NULL,11,Reuben,D'sa,H,0,Production Supervisor - WC40,7/15/2008,3/27/1987,adventure-works\reuben0,reuben0@adventure-works.com,191-555-0112,M,Reuben D'sa,191-555-0112,0,M,2,25,72,56,1,0,Production,7/15/2008,NULL,Current
54,126,275962311,NULL,11,Kirk,Koenigsbauer,J,0,Production Technician - WC45,7/15/2008,9/06/1984,adventure-works\kirk0,kirk0@adventure-works.com,669-555-0150,S,Kirk Koenigsbauer,669-555-0150,0,M,1,10,74,57,1,0,Production,7/15/2008,NULL,Current
55,20,36151748,NULL,11,David,Ortiz,J,0,Production Technician - WC60,7/15/2008,7/29/1984,adventure-works\david2,david2@adventure-works.com,712-555-0119,M,David Ortiz,712-555-0119,0,M,1,12.45,33,36,1,0,Production,7/15/2008,NULL,Current
56,92,540688287,NULL,11,Tengiz,Kharatishvili,N,0,Control Specialist,7/16/2008,11/26/1989,adventure-works\tengiz0,tengiz0@adventure-works.com,910-555-0116,S,Tengiz Kharatishvili,910-555-0116,0,M,2,16.8269,76,58,1,0,Document Control,7/16/2008,NULL,Current
57,147,568596888,NULL,11,Hanying,Feng,P,0,Production Technician - WC20,7/16/2008,5/16/1974,adventure-works\hanying0,hanying0@adventure-works.com,319-555-0139,S,Hanying Feng,319-555-0139,0,M,1,14,15,27,1,0,Production,7/16/2008,NULL,Current
58,214,918737118,NULL,11,Kevin,Liu,H,0,Production Technician - WC40,7/17/2008,7/25/1985,adventure-works\kevin1,kevin1@adventure-works.com,714-555-0138,S,Kevin Liu,714-555-0138,0,M,1,15,58,49,1,0,Production,7/17/2008,NULL,Current
59,18,801758002,NULL,11,Annik,Stahl,O,0,Production Technician - WC60,7/17/2008,7/26/1976,adventure-works\annik0,annik0@adventure-works.com,499-555-0125,M,Annik Stahl,499-555-0125,0,M,1,12.45,17,28,1,0,Production,7/17/2008,NULL,Current
60,40,415823523,NULL,11,Suroor,Fatima,R,0,Production Technician - WC50,7/17/2008,9/25/1977,adventure-works\suroor0,suroor0@adventure-works.com,932-555-0161,S,Suroor Fatima,932-555-0161,0,M,1,11,93,66,1,0,Production,7/17/2008,NULL,Current
61,142,363923697,NULL,11,Deborah,Poe,E,0,Accounts Receivable Specialist,7/18/2008,10/05/1975,adventure-works\deborah0,deborah0@adventure-works.com,602-555-0194,M,Deborah Poe,602-555-0194,0,F,2,19,60,50,1,0,Finance,7/18/2008,NULL,Current
62,76,674171828,NULL,11,Jim,Scardelis,H,0,Production Technician - WC50,7/19/2008,4/08/1986,adventure-works\jim0,jim0@adventure-works.com,679-555-0113,M,Jim Scardelis,679-555-0113,0,M,1,11,1,20,1,0,Production,7/19/2008,NULL,Current
63,177,138280935,NULL,11,Carole,Poland,M,0,Production Technician - WC30,7/19/2008,5/19/1983,adventure-works\carole0,carole0@adventure-works.com,688-555-0192,M,Carole Poland,688-555-0192,0,F,1,9.5,42,41,1,0,Production,7/19/2008,NULL,Current
64,188,476115505,NULL,11,George,Li,Z,0,Production Technician - WC30,7/21/2008,11/14/1976,adventure-works\george0,george0@adventure-works.com,518-555-0199,M,George Li,518-555-0199,0,M,1,9.5,26,33,1,0,Production,7/21/2008,NULL,Current
65,89,502058701,NULL,11,Gary,Yukish,W,0,Production Technician - WC40,7/22/2008,12/15/1987,adventure-works\gary0,gary0@adventure-works.com,901-555-0125,S,Gary Yukish,901-555-0125,0,M,1,15,69,54,1,0,Production,7/22/2008,NULL,Current
66,23,7201901,NULL,11,Cristian,Petculescu,K,0,Production Supervisor - WC10,7/22/2008,11/10/1983,adventure-works\cristian0,cristian0@adventure-works.com,434-555-0133,M,Cristian Petculescu,434-555-0133,0,M,2,25,67,53,1,0,Production,7/22/2008,NULL,Current
67,147,97728960,NULL,11,Raymond,Sam,K,0,Production Technician - WC20,7/23/2008,9/30/1966,adventure-works\raymond0,raymond0@adventure-works.com,226-555-0197,M,Raymond Sam,226-555-0197,0,M,1,14,10,25,1,0,Production,7/23/2008,NULL,Current
68,44,525932996,NULL,11,Janaina,Bueno,Barreiro Gambaro,0,Application Specialist,7/23/2008,8/30/1984,adventure-works\janaina0,janaina0@adventure-works.com,623-555-0155,M,Janaina Bueno,623-555-0155,1,F,2,27.4038,71,55,1,0,Information Services,7/23/2008,NULL,Current
69,16,843479922,NULL,11,Bob,Hohman,N,0,Production Technician - WC50,7/24/2008,3/16/1979,adventure-works\bob0,bob0@adventure-works.com,611-555-0116,S,Bob Hohman,611-555-0116,0,M,1,11,12,26,1,0,Production,7/24/2008,NULL,Current
70,214,370487086,NULL,11,Shammi,Mohamed,G,0,Production Technician - WC40,7/24/2008,5/04/1980,adventure-works\shammi0,shammi0@adventure-works.com,793-555-0179,M,Shammi Mohamed,793-555-0179,0,M,1,15,53,46,1,0,Production,7/24/2008,NULL,Current
71,40,54759846,NULL,11,Linda,Moschell,K,0,Production Technician - WC50,7/25/2008,2/14/1987,adventure-works\linda0,linda0@adventure-works.com,612-555-0171,M,Linda Moschell,612-555-0171,0,F,1,11,96,68,1,0,Production,7/25/2008,NULL,Current
72,32,619308550,NULL,11,Mindy,Martin,C,0,Benefits Specialist,7/25/2008,6/20/1984,adventure-works\mindy0,mindy0@adventure-works.com,522-555-0147,M,Mindy Martin,522-555-0147,0,F,2,16.5865,51,45,1,0,Human Resources,7/25/2008,NULL,Current
73,143,121491555,NULL,11,Wendy,Kahn,Beth,0,Finance Manager,7/25/2008,5/11/1984,adventure-works\wendy0,wendy0@adventure-works.com,248-555-0134,S,Wendy Kahn,248-555-0134,1,F,2,43.2692,55,47,1,0,Finance,7/25/2008,NULL,Current
74,87,420776180,NULL,11,Kim,Ralls,T,0,Stocker,7/26/2008,11/29/1983,adventure-works\kim0,kim0@adventure-works.com,309-555-0129,S,Kim Ralls,309-555-0129,0,F,1,9,98,69,1,0,Shipping and Receiving,7/26/2008,NULL,Current
75,138,604664374,NULL,11,Sandra,Reátegui Alayo,NULL,0,Production Technician - WC30,7/26/2008,6/05/1975,adventure-works\sandra0,sandra0@adventure-works.com,896-555-0168,M,Sandra Reátegui Alayo,896-555-0168,0,F,1,9.5,37,38,1,0,Production,7/26/2008,NULL,Current
76,23,778552911,NULL,11,Kok-Ho,Loh,T,0,Production Supervisor - WC50,7/27/2008,11/27/1979,adventure-works\kok-ho0,kok-ho0@adventure-works.com,999-555-0155,S,Kok-Ho Loh,999-555-0155,0,M,2,25,78,59,1,0,Production,7/27/2008,NULL,Current
77,163,435234965,NULL,11,Douglas,Hite,B,0,Production Technician - WC45,7/27/2008,6/24/1985,adventure-works\douglas0,douglas0@adventure-works.com,808-555-0172,M,Douglas Hite,808-555-0172,0,M,1,10,80,60,1,0,Production,7/27/2008,NULL,Current
78,9,339712426,NULL,11,James,Kramer,D,0,Production Technician - WC60,7/27/2008,2/23/1984,adventure-works\james0,james0@adventure-works.com,119-555-0117,M,James Kramer,119-555-0117,0,M,1,12.45,39,39,1,0,Production,7/27/2008,NULL,Current
79,43,403414852,NULL,11,Sean,Alexander,P,0,Quality Assurance Technician,7/28/2008,10/05/1975,adventure-works\sean0,sean0@adventure-works.com,420-555-0173,S,Sean Alexander,420-555-0173,0,M,2,10.5769,82,61,1,0,Quality Assurance,7/28/2008,NULL,Current
80,186,368920189,NULL,11,Nitin,Mirchandani,S,0,Production Technician - WC20,7/28/2008,7/01/1986,adventure-works\nitin0,nitin0@adventure-works.com,143-555-0173,S,Nitin Mirchandani,143-555-0173,0,M,1,14,21,30,1,0,Production,7/28/2008,NULL,Current
81,162,811994146,NULL,11,Diane,Margheim,L,0,Research and Development Engineer,7/29/2008,1/03/1986,adventure-works\diane1,diane1@adventure-works.com,815-555-0138,S,Diane Margheim,815-555-0138,1,F,2,40.8654,62,51,1,0,Research and Development,7/29/2008,NULL,Current
82,18,330211482,NULL,11,Rebecca,Laszlo,A,0,Production Technician - WC60,7/29/2008,2/04/1988,adventure-works\rebecca0,rebecca0@adventure-works.com,314-555-0113,M,Rebecca Laszlo,314-555-0113,0,F,1,12.45,23,31,1,0,Production,7/29/2008,NULL,Current
83,214,632092621,NULL,11,Rajesh,Patel,M,0,Production Technician - WC40,7/31/2008,5/04/1977,adventure-works\rajesh0,rajesh0@adventure-works.com,373-555-0137,M,Rajesh Patel,373-555-0137,0,M,1,15,48,44,1,0,Production,7/31/2008,NULL,Current
84,32,264306399,NULL,11,Vidur,Luthra,X,0,Recruiter,8/01/2008,3/01/1984,adventure-works\vidur0,vidur0@adventure-works.com,153-555-0186,S,Vidur Luthra,153-555-0186,0,M,2,18.2692,50,45,1,0,Human Resources,8/01/2008,NULL,Current
85,40,981597097,NULL,11,John,Evans,P,0,Production Technician - WC50,8/01/2008,12/29/1977,adventure-works\john1,john1@adventure-works.com,172-555-0130,S,John Evans,172-555-0130,0,M,1,11,91,65,1,0,Production,8/01/2008,NULL,Current
86,9,693325305,NULL,11,Nancy,Anderson,A,0,Production Technician - WC60,8/02/2008,6/19/1988,adventure-works\nancy0,nancy0@adventure-works.com,970-555-0118,M,Nancy Anderson,970-555-0118,0,F,1,12.45,34,37,1,0,Production,8/02/2008,NULL,Current
87,23,521265716,NULL,11,Pilar,Ackerman,G,0,Shipping and Receiving Supervisor,8/02/2008,4/09/1972,adventure-works\pilar0,pilar0@adventure-works.com,577-555-0185,S,Pilar Ackerman,577-555-0185,1,M,2,19.2308,93,66,1,0,Shipping and Receiving,8/02/2008,NULL,Current
88,188,746373306,NULL,11,David,Yalovsky,A,0,Production Technician - WC30,8/02/2008,3/03/1981,adventure-works\david3,david3@adventure-works.com,373-555-0142,S,David Yalovsky,373-555-0142,0,M,1,9.5,32,36,1,0,Production,8/02/2008,NULL,Current
89,23,750905084,NULL,11,David,Hamilton,P,0,Production Supervisor - WC40,8/03/2008,1/30/1983,adventure-works\david4,david4@adventure-works.com,986-555-0177,S,David Hamilton,986-555-0177,0,M,2,25,73,56,1,0,Production,8/03/2008,NULL,Current
90,126,514829225,NULL,11,Laura,Steele,C,0,Production Technician - WC45,8/03/2008,7/25/1980,adventure-works\laura0,laura0@adventure-works.com,777-555-0141,S,Laura Steele,777-555-0141,0,F,1,10,75,57,1,0,Production,8/03/2008,NULL,Current
91,18,750246141,NULL,11,Margie,Shoop,W,0,Production Technician - WC60,8/04/2008,12/18/1985,adventure-works\margie0,margie0@adventure-works.com,818-555-0128,M,Margie Shoop,818-555-0128,0,F,1,12.45,18,29,1,0,Production,8/04/2008,NULL,Current
92,204,345106466,NULL,11,Zainal,Arifin,T,0,Document Control Manager,8/04/2008,8/30/1975,adventure-works\zainal0,zainal0@adventure-works.com,204-555-0115,M,Zainal Arifin,204-555-0115,0,M,2,17.7885,77,58,1,0,Document Control,8/04/2008,NULL,Current
93,214,19312190,NULL,11,Lorraine,Nay,O,0,Production Technician - WC40,8/04/2008,6/26/1988,adventure-works\lorraine0,lorraine0@adventure-works.com,845-555-0184,M,Lorraine Nay,845-555-0184,0,F,1,15,49,44,1,0,Production,8/04/2008,NULL,Current
94,147,212801092,NULL,11,Fadi,Fakhouri,K,0,Production Technician - WC20,8/04/2008,9/15/1988,adventure-works\fadi0,fadi0@adventure-works.com,935-555-0116,S,Fadi Fakhouri,935-555-0116,0,M,1,14,16,28,1,0,Production,8/04/2008,NULL,Current
95,53,769680433,NULL,11,Ryan,Cornelsen,L,0,Production Technician - WC40,8/05/2008,1/12/1972,adventure-works\ryan0,ryan0@adventure-works.com,208-555-0114,M,Ryan Cornelsen,208-555-0114,0,M,1,15,59,49,1,0,Production,8/05/2008,NULL,Current
96,142,60517918,NULL,11,Candy,Spoon,L,0,Accounts Receivable Specialist,8/06/2008,9/23/1975,adventure-works\candy0,candy0@adventure-works.com,920-555-0177,S,Candy Spoon,920-555-0177,0,F,2,19,61,50,1,0,Finance,8/06/2008,NULL,Current
97,76,431859843,NULL,11,Nuan,Yu,NULL,0,Production Technician - WC50,8/06/2008,10/27/1978,adventure-works\nuan0,nuan0@adventure-works.com,913-555-0184,S,Nuan Yu,913-555-0184,0,M,1,11,2,21,1,0,Production,8/06/2008,NULL,Current
98,46,621209647,NULL,11,William,Vong,S,0,Scheduling Assistant,8/07/2008,6/06/1981,adventure-works\william0,william0@adventure-works.com,148-555-0145,M,William Vong,148-555-0145,0,M,2,16,45,42,1,0,Production Control,8/07/2008,3/31/2011,NULL
99,46,621209647,NULL,11,William,Vong,S,0,Scheduling Assistant,8/07/2008,6/06/1981,adventure-works\william0,william0@adventure-works.com,148-555-0145,M,William Vong,148-555-0145,0,M,2,16,45,42,1,0,Production Control,4/01/2011,NULL,Current
100,177,420023788,NULL,11,Bjorn,Rettig,M,0,Production Technician - WC30,8/07/2008,6/06/1989,adventure-works\bjorn0,bjorn0@adventure-works.com,199-555-0117,S,Bjorn Rettig,199-555-0117,0,M,1,9.5,43,41,1,0,Production,8/07/2008,NULL,Current
101,201,199546871,NULL,11,Scott,Gode,R,0,Production Technician - WC45,8/08/2008,9/10/1986,adventure-works\scott0,scott0@adventure-works.com,391-555-0138,M,Scott Gode,391-555-0138,0,M,1,10,86,63,1,0,Production,8/08/2008,NULL,Current
102,89,830150469,NULL,11,Michael,Rothkugel,L,0,Production Technician - WC40,8/10/2008,8/04/1990,adventure-works\michael1,michael1@adventure-works.com,454-555-0119,S,Michael Rothkugel,454-555-0119,0,M,1,15,70,55,1,0,Production,8/10/2008,NULL,Current
103,147,322160340,NULL,11,Lane,Sacksteder,M,0,Production Technician - WC20,8/11/2008,4/23/1974,adventure-works\lane0,lane0@adventure-works.com,200-555-0117,M,Lane Sacksteder,200-555-0117,0,M,1,14,11,25,1,0,Production,8/11/2008,NULL,Current
104,16,827686041,NULL,11,Pete,Male,C,0,Production Technician - WC50,8/11/2008,9/03/1976,adventure-works\pete0,pete0@adventure-works.com,768-555-0123,S,Pete Male,768-555-0123,0,M,1,11,13,26,1,0,Production,8/11/2008,NULL,Current
105,44,671089628,NULL,11,Dan,Bacon,K,0,Application Specialist,8/11/2008,1/24/1981,adventure-works\dan0,dan0@adventure-works.com,166-555-0159,M,Dan Bacon,166-555-0159,1,M,2,27.4038,72,56,1,0,Information Services,8/11/2008,NULL,Current
106,143,231203233,NULL,11,David,Barber,M,0,Assistant to the Chief Financial Officer,8/12/2008,1/20/1964,adventure-works\david5,david5@adventure-works.com,477-555-0132,S,David Barber,477-555-0132,0,M,2,13.4615,56,48,1,0,Finance,8/12/2008,NULL,Current
107,76,204035155,NULL,11,Lolan,Song,B,0,Production Technician - WC50,8/12/2008,8/24/1972,adventure-works\lolan0,lolan0@adventure-works.com,582-555-0178,M,Lolan Song,582-555-0178,0,M,1,11,7,23,1,0,Production,8/12/2008,NULL,Current
108,214,992874797,NULL,11,Paula,Nartker,R,0,Production Technician - WC40,8/12/2008,9/10/1986,adventure-works\paula1,paula1@adventure-works.com,476-555-0119,M,Paula Nartker,476-555-0119,0,F,1,15,54,47,1,0,Production,8/12/2008,NULL,Current
109,7,767955365,NULL,11,Mary,Gibson,E,0,Marketing Specialist,8/12/2008,4/13/1962,adventure-works\mary0,mary0@adventure-works.com,531-555-0183,M,Mary Gibson,531-555-0183,0,F,2,14.4231,46,43,1,0,Marketing,8/12/2008,NULL,Current
110,40,342607223,NULL,11,Mindaugas,Krapauskas,J,0,Production Technician - WC50,8/13/2008,12/05/1977,adventure-works\mindaugas0,mindaugas0@adventure-works.com,637-555-0120,M,Mindaugas Krapauskas,637-555-0120,0,M,1,11,97,68,1,0,Production,8/13/2008,NULL,Current
111,23,45615666,NULL,11,Eric,Gubbels,NULL,0,Production Supervisor - WC20,8/14/2008,8/19/1984,adventure-works\eric0,eric0@adventure-works.com,260-555-0119,M,Eric Gubbels,260-555-0119,0,M,2,25,40,40,1,0,Production,8/14/2008,NULL,Current
112,NULL,295847284,NULL,11,Ken,Sánchez,J,0,Chief Executive Officer,8/14/2008,8/29/1968,adventure-works\ken0,ken0@adventure-works.com,697-555-0142,S,Ken Sánchez,697-555-0142,1,M,2,125.5,99,69,1,0,Executive,8/14/2008,NULL,Current
113,138,733022683,NULL,11,Jason,Watters,M,0,Production Technician - WC30,8/14/2008,7/07/1988,adventure-works\jason0,jason0@adventure-works.com,571-555-0179,S,Jason Watters,571-555-0179,0,M,1,9.5,38,39,1,0,Production,8/14/2008,NULL,Current
114,43,381772114,NULL,11,Mark,Harrington,L,0,Quality Assurance Technician,8/15/2008,11/28/1985,adventure-works\mark0,mark0@adventure-works.com,147-555-0179,S,Mark Harrington,147-555-0179,0,M,2,10.5769,83,61,1,0,Quality Assurance,8/15/2008,NULL,Current
115,163,187369436,NULL,11,Janeth,Esteves,M,0,Production Technician - WC45,8/15/2008,2/22/1972,adventure-works\janeth0,janeth0@adventure-works.com,540-555-0191,S,Janeth Esteves,540-555-0191,0,F,1,10,81,60,1,0,Production,8/15/2008,NULL,Current
116,188,364818297,NULL,11,Marc,Ingle,J,0,Production Technician - WC30,8/16/2008,5/24/1986,adventure-works\marc0,marc0@adventure-works.com,234-555-0169,M,Marc Ingle,234-555-0169,0,M,1,9.5,22,31,1,0,Production,8/16/2008,NULL,Current
117,162,658797903,NULL,11,Gigi,Matthew,N,0,Research and Development Engineer,8/16/2008,8/21/1978,adventure-works\gigi0,gigi0@adventure-works.com,185-555-0186,M,Gigi Matthew,185-555-0186,1,F,2,40.8654,63,51,1,0,Research and Development,8/16/2008,NULL,Current
118,111,886023130,NULL,11,Paul,Singh,R,0,Production Technician - WC20,8/17/2008,6/04/1990,adventure-works\paul1,paul1@adventure-works.com,727-555-0112,M,Paul Singh,727-555-0112,0,M,1,14,6,23,1,0,Production,8/17/2008,NULL,Current
119,214,749211824,NULL,11,Frank,Lee,T,0,Production Technician - WC40,8/17/2008,4/06/1987,adventure-works\frank0,frank0@adventure-works.com,158-555-0191,M,Frank Lee,158-555-0191,0,M,1,15,56,48,1,0,Production,8/17/2008,NULL,Current
120,44,643805155,NULL,11,François,Ajenstat,P,0,Database Administrator,8/17/2008,6/13/1980,adventure-works\françois0,françois0@adventure-works.com,785-555-0110,S,François Ajenstat,785-555-0110,1,M,2,38.4615,67,53,1,0,Information Services,8/17/2008,NULL,Current
121,16,92096924,NULL,11,Diane,Tibbott,H,0,Production Technician - WC50,8/18/2008,3/09/1989,adventure-works\diane2,diane2@adventure-works.com,361-555-0180,S,Diane Tibbott,361-555-0180,0,F,1,11,8,24,1,0,Production,8/18/2008,NULL,Current
122,7,72636981,NULL,11,Jill,Williams,A,0,Marketing Specialist,8/18/2008,1/16/1979,adventure-works\jill0,jill0@adventure-works.com,510-555-0121,M,Jill Williams,510-555-0121,0,F,2,14.4231,47,43,1,0,Marketing,8/18/2008,NULL,Current
123,40,563680513,NULL,11,Angela,Barbariol,W,0,Production Technician - WC50,8/20/2008,12/29/1990,adventure-works\angela0,angela0@adventure-works.com,150-555-0194,S,Angela Barbariol,150-555-0194,0,F,1,11,92,66,1,0,Production,8/20/2008,NULL,Current
124,87,584205124,NULL,11,Matthias,Berndt,T,0,Shipping and Receiving Clerk,8/20/2008,6/11/1973,adventure-works\matthias0,matthias0@adventure-works.com,139-555-0120,M,Matthias Berndt,139-555-0120,0,M,2,9.5,94,67,1,0,Shipping and Receiving,8/20/2008,NULL,Current
125,9,458159238,NULL,11,Bryan,Baker,NULL,0,Production Technician - WC60,8/21/2008,3/27/1973,adventure-works\bryan0,bryan0@adventure-works.com,712-555-0113,S,Bryan Baker,712-555-0113,0,M,1,12.45,35,37,1,0,Production,8/21/2008,NULL,Current
126,23,712885347,NULL,11,Jeff,Hay,V,0,Production Supervisor - WC45,8/21/2008,8/15/1976,adventure-works\jeff0,jeff0@adventure-works.com,350-555-0167,M,Jeff Hay,350-555-0167,0,M,2,25,74,57,1,0,Production,8/21/2008,NULL,Current
127,188,87268837,NULL,11,Eugene,Zabokritski,R,0,Production Technician - WC30,8/21/2008,2/12/1987,adventure-works\eugene0,eugene0@adventure-works.com,241-555-0191,S,Eugene Zabokritski,241-555-0191,0,M,1,9.5,33,36,1,0,Production,8/21/2008,NULL,Current
128,186,969985265,NULL,11,Barbara,Decker,S,0,Production Technician - WC20,8/22/2008,7/29/1984,adventure-works\barbara0,barbara0@adventure-works.com,119-555-0192,M,Barbara Decker,119-555-0192,0,F,1,14,17,28,1,0,Production,8/22/2008,NULL,Current
129,126,539490372,NULL,11,Chris,Preston,T,0,Production Technician - WC45,8/22/2008,7/16/1988,adventure-works\chris0,chris0@adventure-works.com,200-555-0112,M,Chris Preston,200-555-0112,0,M,1,10,76,58,1,0,Production,8/22/2008,NULL,Current
130,92,242381745,NULL,11,Sean,Chai,N,0,Document Control Assistant,8/22/2008,10/10/1986,adventure-works\sean1,sean1@adventure-works.com,205-555-0132,S,Sean Chai,205-555-0132,0,M,2,10.25,78,59,1,0,Document Control,8/22/2008,NULL,Current
131,44,929666391,NULL,11,Dan,Wilson,B,0,Database Administrator,8/22/2008,8/06/1975,adventure-works\dan1,dan1@adventure-works.com,653-555-0144,M,Dan Wilson,653-555-0144,1,M,2,38.4615,66,53,1,0,Information Services,8/22/2008,NULL,Current
132,18,948320468,NULL,11,Mark,McArthur,K,0,Production Technician - WC60,8/23/2008,4/25/1979,adventure-works\mark1,mark1@adventure-works.com,417-555-0154,S,Mark McArthur,417-555-0154,0,M,1,12.45,19,29,1,0,Production,8/23/2008,NULL,Current
133,142,931190412,NULL,11,Bryan,Walton,A,0,Accounts Receivable Specialist,8/24/2008,4/20/1984,adventure-works\bryan1,bryan1@adventure-works.com,935-555-0199,S,Bryan Walton,935-555-0199,0,M,2,19,62,51,1,0,Finance,8/24/2008,NULL,Current
134,76,153288994,NULL,11,Houman,Pournasseh,N,0,Production Technician - WC50,8/25/2008,3/30/1971,adventure-works\houman0,houman0@adventure-works.com,180-555-0136,M,Houman Pournasseh,180-555-0136,0,M,1,11,3,21,1,0,Production,8/25/2008,NULL,Current
135,46,981495526,NULL,11,Sairaj,Uddin,L,0,Scheduling Assistant,8/26/2008,7/22/1987,adventure-works\sairaj0,sairaj0@adventure-works.com,500-555-0159,M,Sairaj Uddin,500-555-0159,0,M,2,16,46,43,1,0,Production Control,8/26/2008,NULL,Current
136,177,363996959,NULL,11,Michiko,Osada,F,0,Production Technician - WC30,8/26/2008,1/25/1982,adventure-works\michiko0,michiko0@adventure-works.com,984-555-0148,S,Michiko Osada,984-555-0148,0,M,1,9.5,44,42,1,0,Production,8/26/2008,NULL,Current
137,188,585408256,NULL,11,Benjamin,Martin,R,0,Production Technician - WC30,8/27/2008,8/05/1985,adventure-works\benjamin0,benjamin0@adventure-works.com,533-555-0111,S,Benjamin Martin,533-555-0111,0,M,1,9.5,28,34,1,0,Production,8/27/2008,NULL,Current
138,23,386315192,NULL,11,Cynthia,Randall,S,0,Production Supervisor - WC30,8/27/2008,3/18/1981,adventure-works\cynthia0,cynthia0@adventure-works.com,352-555-0138,S,Cynthia Randall,352-555-0138,0,F,2,25,69,54,1,0,Production,8/27/2008,NULL,Current
139,201,167554340,NULL,11,Kathie,Flood,E,0,Production Technician - WC45,8/27/2008,6/01/1990,adventure-works\kathie0,kathie0@adventure-works.com,446-555-0118,M,Kathie Flood,446-555-0118,0,F,1,10,87,63,1,0,Production,8/27/2008,NULL,Current
140,18,410742000,NULL,11,Britta,Simon,L,0,Production Technician - WC60,8/29/2008,4/28/1989,adventure-works\britta0,britta0@adventure-works.com,955-555-0169,M,Britta Simon,955-555-0169,0,F,1,12.45,14,27,1,0,Production,8/29/2008,NULL,Current
141,214,746201340,NULL,11,Brian,Lloyd,T,0,Production Technician - WC40,8/29/2008,9/10/1976,adventure-works\brian0,brian0@adventure-works.com,110-555-0182,S,Brian Lloyd,110-555-0182,0,M,1,15,55,47,1,0,Production,8/29/2008,NULL,Current
142,143,30845,NULL,11,David,Liu,J,0,Accounts Manager,8/30/2008,2/05/1983,adventure-works\david6,david6@adventure-works.com,646-555-0185,M,David Liu,646-555-0185,1,M,2,34.7356,57,48,1,0,Finance,8/30/2008,NULL,Current
143,112,184188301,NULL,11,Laura,Norman,F,0,Chief Financial Officer,8/31/2008,8/06/1975,adventure-works\laura1,laura1@adventure-works.com,615-555-0110,M,Laura Norman,615-555-0110,1,F,2,60.0962,0,20,1,0,Executive,8/31/2008,6/13/2013,NULL
144,112,184188301,NULL,11,Laura,Norman,F,0,Chief Financial Officer,8/31/2008,8/06/1975,adventure-works\laura1,laura1@adventure-works.com,615-555-0110,M,Laura Norman,615-555-0110,1,F,2,60.0962,0,20,1,0,Executive,6/13/2013,NULL,Current
145,40,398737566,NULL,11,Michael,Patten,W,0,Production Technician - WC50,8/31/2008,12/01/1973,adventure-works\michael2,michael2@adventure-works.com,441-555-0195,S,Michael Patten,441-555-0195,0,M,1,11,98,69,1,0,Production,8/31/2008,NULL,Current
146,138,764853868,NULL,11,Andy,Ruth,M,0,Production Technician - WC30,8/31/2008,5/20/1983,adventure-works\andy0,andy0@adventure-works.com,118-555-0110,M,Andy Ruth,118-555-0110,0,M,1,9.5,39,39,1,0,Production,8/31/2008,NULL,Current
147,23,319472946,NULL,11,Yuhong,Li,L,0,Production Supervisor - WC20,9/01/2008,11/04/1976,adventure-works\yuhong0,yuhong0@adventure-works.com,965-555-0155,M,Yuhong Li,965-555-0155,0,M,2,25,41,40,1,0,Production,9/01/2008,NULL,Current
148,163,456839592,NULL,11,Robert,Rounthwaite,J,0,Production Technician - WC45,9/02/2008,9/28/1984,adventure-works\robert0,robert0@adventure-works.com,589-555-0147,S,Robert Rounthwaite,589-555-0147,0,M,1,10,82,61,1,0,Production,9/02/2008,NULL,Current
149,43,131471224,NULL,11,Andreas,Berglund,T,0,Quality Assurance Technician,9/02/2008,10/26/1988,adventure-works\andreas0,andreas0@adventure-works.com,181-555-0124,M,Andreas Berglund,181-555-0124,0,M,2,10.5769,84,62,1,0,Quality Assurance,9/02/2008,NULL,Current
150,188,259388196,NULL,11,Reed,Koch,T,0,Production Technician - WC30,9/02/2008,8/08/1988,adventure-works\reed0,reed0@adventure-works.com,678-555-0110,M,Reed Koch,678-555-0110,0,M,1,9.5,23,31,1,0,Production,9/02/2008,NULL,Current
151,147,812797414,NULL,11,Linda,Randall,A,0,Production Technician - WC20,9/03/2008,5/05/1977,adventure-works\linda1,linda1@adventure-works.com,696-555-0157,S,Linda Randall,696-555-0157,0,F,1,14,12,26,1,0,Production,9/03/2008,NULL,Current
152,112,519899904,NULL,11,James,Hamilton,R,0,Vice President of Production,9/03/2008,2/04/1988,adventure-works\james1,james1@adventure-works.com,870-555-0122,S,James Hamilton,870-555-0122,1,M,2,84.1346,64,52,1,0,Production,9/03/2008,NULL,Current
153,44,314747499,NULL,11,Ramesh,Meyyappan,V,0,Application Specialist,9/03/2008,10/12/1987,adventure-works\ramesh0,ramesh0@adventure-works.com,182-555-0134,S,Ramesh Meyyappan,182-555-0134,1,M,2,27.4038,73,56,1,0,Information Services,9/03/2008,NULL,Current
154,44,858323870,NULL,11,Stephanie,Conroy,A,0,Network Manager,9/04/2008,10/24/1983,adventure-works\stephanie0,stephanie0@adventure-works.com,594-555-0110,S,Stephanie Conroy,594-555-0110,1,F,2,39.6635,68,54,1,0,Information Services,9/04/2008,NULL,Current
155,111,25011600,NULL,11,Samantha,Smith,H,0,Production Technician - WC20,9/04/2008,6/22/1987,adventure-works\samantha0,samantha0@adventure-works.com,587-555-0114,M,Samantha Smith,587-555-0114,0,F,1,14,7,23,1,0,Production,9/04/2008,NULL,Current
156,214,436757988,NULL,11,Tawana,Nusbaum,G,0,Production Technician - WC40,9/05/2008,6/10/1989,adventure-works\tawana0,tawana0@adventure-works.com,368-555-0113,S,Tawana Nusbaum,368-555-0113,0,M,1,15,50,45,1,0,Production,9/05/2008,NULL,Current
157,16,652535724,NULL,11,Denise,Smith,H,0,Production Technician - WC50,9/05/2008,2/04/1988,adventure-works\denise0,denise0@adventure-works.com,869-555-0119,M,Denise Smith,869-555-0119,0,F,1,11,9,24,1,0,Production,9/05/2008,NULL,Current
158,32,416679555,NULL,11,Hao,Chen,O,0,Human Resources Administrative Assistant,9/06/2008,11/15/1976,adventure-works\hao0,hao0@adventure-works.com,806-555-0136,S,Hao Chen,806-555-0136,0,M,2,13.9423,52,46,1,0,Human Resources,9/06/2008,NULL,Current
159,126,377784364,NULL,11,Alex,Nayberg,M,0,Production Technician - WC45,9/08/2008,11/11/1989,adventure-works\alex0,alex0@adventure-works.com,819-555-0198,M,Alex Nayberg,819-555-0198,0,M,1,10,77,58,1,0,Production,9/08/2008,NULL,Current
160,9,66073987,NULL,11,Eugene,Kogan,O,0,Production Technician - WC60,9/08/2008,9/10/1975,adventure-works\eugene1,eugene1@adventure-works.com,173-555-0179,S,Eugene Kogan,173-555-0179,0,M,1,12.45,36,38,1,0,Production,9/08/2008,NULL,Current
161,18,999440576,NULL,11,Brandon,Heidepriem,G,0,Production Technician - WC60,9/08/2008,8/10/1976,adventure-works\brandon0,brandon0@adventure-works.com,429-555-0137,M,Brandon Heidepriem,429-555-0137,0,M,1,12.45,22,31,1,0,Production,9/08/2008,NULL,Current
162,3,134969118,NULL,11,Dylan,Miller,A,0,Research and Development Manager,9/08/2008,9/24/1986,adventure-works\dylan0,dylan0@adventure-works.com,181-555-0156,M,Dylan Miller,181-555-0156,1,M,2,50.4808,61,50,1,0,Research and Development,9/08/2008,NULL,Current
163,23,551834634,NULL,11,Shane,Kim,S,0,Production Supervisor - WC45,9/08/2008,12/22/1989,adventure-works\shane0,shane0@adventure-works.com,810-555-0178,S,Shane Kim,810-555-0178,0,M,2,25,75,57,1,0,Production,9/08/2008,NULL,Current
164,186,305522471,NULL,11,John,Chen,Y,0,Production Technician - WC20,9/09/2008,11/03/1985,adventure-works\john2,john2@adventure-works.com,201-555-0163,M,John Chen,201-555-0163,0,M,1,14,18,29,1,0,Production,9/09/2008,NULL,Current
165,92,260770918,NULL,11,Karen,Berge,R,0,Document Control Assistant,9/09/2008,7/25/1975,adventure-works\karen0,karen0@adventure-works.com,746-555-0164,M,Karen Berge,746-555-0164,0,F,2,10.25,79,59,1,0,Document Control,9/09/2008,NULL,Current
166,18,788456780,NULL,11,Jose,Lugo,R,0,Production Technician - WC60,9/10/2008,2/29/1984,adventure-works\jose0,jose0@adventure-works.com,587-555-0115,M,Jose Lugo,587-555-0115,0,M,1,12.45,20,30,1,0,Production,9/10/2008,NULL,Current
167,76,370581729,NULL,11,Mandar,Samant,H,0,Production Technician - WC50,9/10/2008,10/19/1985,adventure-works\mandar0,mandar0@adventure-works.com,140-555-0132,S,Mandar Samant,140-555-0132,0,M,1,11,0,20,1,0,Production,9/10/2008,NULL,Current
168,278,603686790,NULL,11,Mikael,Sandberg,Q,0,Buyer,9/10/2008,3/17/1984,adventure-works\mikael0,mikael0@adventure-works.com,309-555-0170,S,Mikael Sandberg,309-555-0170,0,M,2,18.2692,59,49,1,0,Purchasing,9/10/2008,NULL,Current
169,76,152085091,NULL,11,Sameer,Tejani,A,0,Production Technician - WC50,9/11/2008,1/24/1978,adventure-works\sameer0,sameer0@adventure-works.com,990-555-0172,M,Sameer Tejani,990-555-0172,0,M,1,11,4,22,1,0,Production,9/11/2008,NULL,Current
170,142,663843431,NULL,11,Dragan,Tomic,K,0,Accounts Payable Specialist,9/11/2008,9/14/1976,adventure-works\dragan0,dragan0@adventure-works.com,117-555-0185,M,Dragan Tomic,117-555-0185,0,M,2,19,63,51,1,0,Finance,9/11/2008,NULL,Current
171,177,227319668,NULL,11,Carol,Philips,M,0,Production Technician - WC30,9/12/2008,5/17/1988,adventure-works\carol0,carol0@adventure-works.com,609-555-0153,M,Carol Philips,609-555-0153,0,F,1,9.5,45,42,1,0,Production,9/12/2008,NULL,Current
172,89,578953538,NULL,11,Rob,Caron,T,0,Production Technician - WC40,9/13/2008,3/04/1973,adventure-works\rob1,rob1@adventure-works.com,238-555-0116,S,Rob Caron,238-555-0116,0,M,1,15,71,55,1,0,Production,9/13/2008,NULL,Current
173,40,222400012,NULL,11,Don,Hall,L,0,Production Technician - WC50,9/13/2008,1/11/1971,adventure-works\don0,don0@adventure-works.com,100-555-0174,M,Don Hall,100-555-0174,0,M,1,11,88,64,1,0,Production,9/13/2008,NULL,Current
174,46,470689086,NULL,11,Alan,Brewer,J,0,Scheduling Assistant,9/13/2008,10/28/1983,adventure-works\alan0,alan0@adventure-works.com,438-555-0172,M,Alan Brewer,438-555-0172,0,M,2,16,47,43,1,0,Production Control,9/13/2008,NULL,Current
175,188,860123571,NULL,11,David,Lawrence,Oliver,0,Production Technician - WC30,9/14/2008,4/23/1985,adventure-works\david7,david7@adventure-works.com,118-555-0177,M,David Lawrence,118-555-0177,0,M,1,9.5,29,34,1,0,Production,9/14/2008,NULL,Current
176,89,273260055,NULL,11,Baris,Cetinok,F,0,Production Technician - WC40,9/15/2008,5/07/1990,adventure-works\baris0,baris0@adventure-works.com,164-555-0114,S,Baris Cetinok,164-555-0114,0,M,1,15,72,56,1,0,Production,9/15/2008,NULL,Current
177,23,578935259,NULL,11,Michael,Ray,Sean,0,Production Supervisor - WC30,9/15/2008,8/29/1988,adventure-works\michael3,michael3@adventure-works.com,156-555-0199,S,Michael Ray,156-555-0199,0,M,2,25,70,55,1,0,Production,9/15/2008,NULL,Current
178,20,752513276,NULL,11,Steve,Masters,F,0,Production Technician - WC60,9/15/2008,11/04/1990,adventure-works\steve0,steve0@adventure-works.com,712-555-0170,S,Steve Masters,712-555-0170,0,M,1,12.45,31,35,1,0,Production,9/15/2008,NULL,Current
179,18,754372876,NULL,11,Suchitra,Mohan,O,0,Production Technician - WC60,9/16/2008,1/08/1987,adventure-works\suchitra0,suchitra0@adventure-works.com,753-555-0129,M,Suchitra Mohan,753-555-0129,0,F,1,12.45,15,27,1,0,Production,9/16/2008,NULL,Current
180,44,58317344,NULL,11,Karen,Berg,A,0,Application Specialist,9/16/2008,12/17/1977,adventure-works\karen1,karen1@adventure-works.com,654-555-0177,S,Karen Berg,654-555-0177,1,F,2,27.4038,74,57,1,0,Information Services,9/16/2008,NULL,Current
181,147,404159499,NULL,11,Terrence,Earls,W,0,Production Technician - WC20,9/16/2008,7/08/1984,adventure-works\terrence0,terrence0@adventure-works.com,110-555-0115,S,Terrence Earls,110-555-0115,0,M,1,14,13,26,1,0,Production,9/16/2008,NULL,Current
182,142,363910111,NULL,11,Barbara,Moreland,C,0,Accountant,9/18/2008,8/04/1975,adventure-works\barbara1,barbara1@adventure-works.com,822-555-0145,M,Barbara Moreland,822-555-0145,1,F,2,26.4423,58,49,1,0,Finance,9/18/2008,NULL,Current
183,40,599942664,NULL,11,Chad,Niswonger,W,0,Production Technician - WC50,9/18/2008,3/04/1990,adventure-works\chad0,chad0@adventure-works.com,559-555-0175,M,Chad Niswonger,559-555-0175,0,M,1,11,99,69,1,0,Production,9/18/2008,NULL,Current
184,138,993310268,NULL,11,Rostislav,Shabalin,E,0,Production Technician - WC30,9/19/2008,4/13/1977,adventure-works\rostislav0,rostislav0@adventure-works.com,751-555-0134,M,Rostislav Shabalin,751-555-0134,0,M,1,9.5,40,40,1,0,Production,9/19/2008,NULL,Current
185,201,20244403,NULL,11,Belinda,Newman,M,0,Production Technician - WC45,9/20/2008,10/15/1974,adventure-works\belinda0,belinda0@adventure-works.com,319-555-0126,S,Belinda Newman,319-555-0126,0,F,1,10,83,61,1,0,Production,9/20/2008,NULL,Current
186,23,862951447,NULL,11,Katie,McAskill-White,L,0,Production Supervisor - WC20,9/20/2008,6/18/1984,adventure-works\katie0,katie0@adventure-works.com,809-555-0133,S,Katie McAskill-White,809-555-0133,0,F,2,25,42,41,1,0,Production,9/20/2008,NULL,Current
187,188,551346974,NULL,11,Russell,King,M,0,Production Technician - WC30,9/21/2008,9/11/1981,adventure-works\russell1,russell1@adventure-works.com,517-555-0122,M,Russell King,517-555-0122,0,M,1,9.5,24,32,1,0,Production,9/21/2008,NULL,Current
188,23,60114406,NULL,11,Jack,Richins,S,0,Production Supervisor - WC30,9/21/2008,1/20/1983,adventure-works\jack0,jack0@adventure-works.com,552-555-0111,S,Jack Richins,552-555-0111,0,M,2,25,68,54,1,0,Production,9/21/2008,NULL,Current
189,23,33237992,NULL,11,Andrew,Hill,R,0,Production Supervisor - WC10,9/22/2008,4/06/1988,adventure-works\andrew0,andrew0@adventure-works.com,908-555-0159,S,Andrew Hill,908-555-0159,0,M,2,25,65,52,1,0,Production,9/22/2008,NULL,Current
190,89,1300049,NULL,11,Nicole,Holliday,B,0,Production Technician - WC40,9/22/2008,11/07/1985,adventure-works\nicole0,nicole0@adventure-works.com,508-555-0129,M,Nicole Holliday,508-555-0129,0,F,1,15,67,53,1,0,Production,9/22/2008,NULL,Current
191,16,10708100,NULL,11,Frank,Miller,T,0,Production Technician - WC50,9/23/2008,2/21/1971,adventure-works\frank1,frank1@adventure-works.com,167-555-0139,S,Frank Miller,167-555-0139,0,M,1,11,10,25,1,0,Production,9/23/2008,NULL,Current
192,154,672243793,NULL,11,Peter,Connelly,I,0,Network Administrator,9/23/2008,12/27/1979,adventure-works\peter1,peter1@adventure-works.com,310-555-0133,S,Peter Connelly,310-555-0133,0,M,2,32.4519,69,54,1,0,Information Services,9/23/2008,NULL,Current
193,111,63761469,NULL,11,Anibal,Sousa,T,0,Production Technician - WC20,9/23/2008,4/05/1974,adventure-works\anibal0,anibal0@adventure-works.com,106-555-0120,S,Anibal Sousa,106-555-0120,0,F,1,14,8,24,1,0,Production,9/23/2008,NULL,Current
194,214,693168613,NULL,11,Ken,Myer,L,0,Production Technician - WC40,9/24/2008,12/26/1980,adventure-works\ken1,ken1@adventure-works.com,949-555-0174,M,Ken Myer,949-555-0174,0,M,1,15,51,45,1,0,Production,9/24/2008,NULL,Current
195,32,476980013,NULL,11,Grant,Culbertson,N,0,Human Resources Administrative Assistant,9/25/2008,11/15/1975,adventure-works\grant0,grant0@adventure-works.com,955-555-0131,S,Grant Culbertson,955-555-0131,0,M,2,13.9423,53,46,1,0,Human Resources,9/25/2008,NULL,Current
196,40,334834274,NULL,11,Michael,Entin,T,0,Production Technician - WC50,9/25/2008,1/13/1989,adventure-works\michael4,michael4@adventure-works.com,817-555-0186,S,Michael Entin,817-555-0186,0,M,1,11,94,67,1,0,Production,9/25/2008,NULL,Current
197,163,399658727,NULL,11,Lionel,Penuchot,C,0,Production Technician - WC45,9/26/2008,10/13/1987,adventure-works\lionel0,lionel0@adventure-works.com,450-555-0152,S,Lionel Penuchot,450-555-0152,0,M,1,10,78,59,1,0,Production,9/26/2008,NULL,Current
198,9,500412746,NULL,11,Thomas,Michaels,R,0,Production Technician - WC60,9/26/2008,8/10/1985,adventure-works\thomas0,thomas0@adventure-works.com,278-555-0118,M,Thomas Michaels,278-555-0118,0,M,1,12.45,37,38,1,0,Production,9/26/2008,NULL,Current
199,87,652779496,NULL,11,Jimmy,Bischoff,T,0,Stocker,9/26/2008,6/01/1990,adventure-works\jimmy0,jimmy0@adventure-works.com,927-555-0168,M,Jimmy Bischoff,927-555-0168,0,M,1,9,96,68,1,0,Shipping and Receiving,9/26/2008,NULL,Current
200,138,878395493,NULL,11,Michael,Vanderhyde,T,0,Production Technician - WC30,9/26/2008,4/18/1982,adventure-works\michael5,michael5@adventure-works.com,296-555-0121,M,Michael Vanderhyde,296-555-0121,0,M,1,9.5,35,37,1,0,Production,9/26/2008,NULL,Current
201,23,332349500,NULL,11,Lori,Kane,A,0,Production Supervisor - WC45,9/26/2008,2/16/1980,adventure-works\lori0,lori0@adventure-works.com,289-555-0196,S,Lori Kane,289-555-0196,0,F,2,25,76,58,1,0,Production,9/26/2008,NULL,Current
202,278,792847334,NULL,11,Arvind,Rao,B,0,Buyer,9/28/2008,3/21/1974,adventure-works\arvind0,arvind0@adventure-works.com,848-555-0163,M,Arvind Rao,848-555-0163,0,M,2,18.2692,60,50,1,0,Purchasing,9/28/2008,NULL,Current
203,186,621932914,NULL,11,Stefen,Hesse,A,0,Production Technician - WC20,9/28/2008,7/21/1975,adventure-works\stefen0,stefen0@adventure-works.com,165-555-0113,S,Stefen Hesse,165-555-0113,0,M,1,14,19,29,1,0,Production,9/28/2008,NULL,Current
204,23,398223854,NULL,11,Hazem,Abolrous,E,0,Quality Assurance Manager,9/28/2008,5/26/1977,adventure-works\hazem0,hazem0@adventure-works.com,869-555-0125,S,Hazem Abolrous,869-555-0125,1,M,2,28.8462,80,60,1,0,Quality Assurance,9/28/2008,NULL,Current
205,142,519756660,NULL,11,Janet,Sheperdigian,L,0,Accounts Payable Specialist,9/29/2008,10/07/1978,adventure-works\janet0,janet0@adventure-works.com,393-555-0186,M,Janet Sheperdigian,393-555-0186,0,F,2,19,64,52,1,0,Finance,9/29/2008,NULL,Current
206,76,912141525,NULL,11,Elizabeth,Keyser,I,0,Production Technician - WC50,9/30/2008,8/25/1989,adventure-works\elizabeth0,elizabeth0@adventure-works.com,318-555-0137,M,Elizabeth Keyser,318-555-0137,0,F,1,11,5,22,1,0,Production,9/30/2008,NULL,Current
207,7,243322160,NULL,11,Terry,Eminhizer,J,0,Marketing Specialist,9/30/2008,9/04/1985,adventure-works\terry0,terry0@adventure-works.com,138-555-0118,M,Terry Eminhizer,138-555-0118,0,M,2,14.4231,44,42,1,0,Marketing,9/30/2008,NULL,Current
208,188,568626529,NULL,11,John,Frum,N,0,Production Technician - WC30,10/01/2008,10/22/1981,adventure-works\john3,john3@adventure-works.com,663-555-0172,S,John Frum,663-555-0172,0,M,1,9.5,27,33,1,0,Production,10/01/2008,NULL,Current
209,177,301435199,NULL,11,Merav,Netz,A,0,Production Technician - WC30,10/01/2008,12/11/1982,adventure-works\merav0,merav0@adventure-works.com,224-555-0187,M,Merav Netz,224-555-0187,0,F,1,9.5,46,43,1,0,Production,10/01/2008,NULL,Current
210,46,368691270,NULL,11,Brian,LaMee,P,0,Scheduling Assistant,10/01/2008,3/11/1984,adventure-works\brian1,brian1@adventure-works.com,313-555-0196,M,Brian LaMee,313-555-0196,0,M,2,16,48,44,1,0,Production Control,10/01/2008,NULL,Current
211,40,211789056,NULL,11,Kitti,Lertpiriyasuwat,H,0,Production Technician - WC50,10/02/2008,1/04/1987,adventure-works\kitti0,kitti0@adventure-works.com,785-555-0132,S,Kitti Lertpiriyasuwat,785-555-0132,0,F,1,11,89,64,1,0,Production,10/02/2008,NULL,Current
212,20,63179277,NULL,11,Jay,Adams,G,0,Production Technician - WC60,10/03/2008,9/11/1975,adventure-works\jay0,jay0@adventure-works.com,407-555-0165,S,Jay Adams,407-555-0165,0,M,1,12.45,32,36,1,0,Production,10/03/2008,NULL,Current
213,188,587567941,NULL,11,Jan,Miksovsky,S,0,Production Technician - WC30,10/03/2008,6/15/1974,adventure-works\jan0,jan0@adventure-works.com,139-555-0131,S,Jan Miksovsky,139-555-0131,0,M,1,9.5,30,35,1,0,Production,10/03/2008,NULL,Current
214,23,634335025,NULL,11,Brenda,Diaz,M,0,Production Supervisor - WC40,10/03/2008,9/28/1982,adventure-works\brenda0,brenda0@adventure-works.com,142-555-0139,M,Brenda Diaz,142-555-0139,0,F,2,25,71,55,1,0,Production,10/03/2008,NULL,Current
215,126,65848458,NULL,11,Andrew,Cencini,M,0,Production Technician - WC45,10/04/2008,4/24/1988,adventure-works\andrew1,andrew1@adventure-works.com,207-555-0192,S,Andrew Cencini,207-555-0192,0,M,1,10,73,56,1,0,Production,10/04/2008,NULL,Current
216,92,260805477,NULL,11,Chris,Norred,K,0,Control Specialist,10/04/2008,12/24/1986,adventure-works\chris1,chris1@adventure-works.com,575-555-0126,M,Chris Norred,575-555-0126,0,M,2,16.8269,75,57,1,0,Document Control,10/04/2008,NULL,Current
217,18,442121106,NULL,11,Chris,Okelberry,O,0,Production Technician - WC60,10/05/2008,3/07/1986,adventure-works\chris2,chris2@adventure-works.com,315-555-0144,S,Chris Okelberry,315-555-0144,0,M,1,12.45,16,28,1,0,Production,10/05/2008,NULL,Current
218,147,300946911,NULL,11,Shelley,Dyck,N,0,Production Technician - WC20,10/05/2008,7/08/1986,adventure-works\shelley0,shelley0@adventure-works.com,991-555-0184,S,Shelley Dyck,991-555-0184,0,F,1,14,14,27,1,0,Production,10/05/2008,NULL,Current
219,214,440379437,NULL,11,Gabe,Mares,B,0,Production Technician - WC40,10/06/2008,12/09/1987,adventure-works\gabe0,gabe0@adventure-works.com,310-555-0117,M,Gabe Mares,310-555-0117,0,M,1,15,57,48,1,0,Production,10/06/2008,NULL,Current
220,142,480951955,NULL,11,Mike,Seamans,K,0,Accountant,10/06/2008,1/29/1979,adventure-works\mike0,mike0@adventure-works.com,927-555-0150,S,Mike Seamans,927-555-0150,1,M,2,26.4423,59,49,1,0,Finance,10/06/2008,NULL,Current
221,162,879342154,NULL,11,Michael,Raheem,NULL,0,Research and Development Manager,12/01/2008,6/30/1984,adventure-works\michael6,michael6@adventure-works.com,330-555-2568,M,Michael Raheem,330-555-2568,1,M,2,42.4808,16,64,1,0,Research and Development,12/01/2008,NULL,Current
222,152,141165819,NULL,11,Gary,Altman,E.,0,Facilities Manager,7/02/2009,9/18/1970,adventure-works\gary1,gary1@adventure-works.com,110-555-0112,M,Gary Altman,110-555-0112,1,M,2,24.0385,86,63,1,0,Facilities and Maintenance,7/02/2009,NULL,Current
223,20,537092325,NULL,11,Charles,Fitzgerald,B,0,Production Technician - WC60,7/03/2009,4/02/1971,adventure-works\charles0,charles0@adventure-works.com,931-555-0118,S,Charles Fitzgerald,931-555-0118,0,M,1,12.45,27,33,1,0,Production,7/03/2009,NULL,Current
224,27,455563743,NULL,11,Ebru,Ersan,N,0,Production Technician - WC10,7/06/2009,4/22/1986,adventure-works\ebru0,ebru0@adventure-works.com,202-555-0187,S,Ebru Ersan,202-555-0187,0,M,1,13.45,93,66,1,0,Production,7/06/2009,NULL,Current
225,111,701156975,NULL,11,Sylvester,Valdez,A,0,Production Technician - WC20,7/11/2009,6/12/1970,adventure-works\sylvester0,sylvester0@adventure-works.com,492-555-0174,M,Sylvester Valdez,492-555-0174,0,M,1,14,4,22,1,0,Production,7/11/2009,NULL,Current
226,53,1662732,NULL,11,Brian,Goldstein,Richard,0,Production Technician - WC40,7/11/2009,7/23/1970,adventure-works\brian2,brian2@adventure-works.com,730-555-0117,S,Brian Goldstein,730-555-0117,0,M,1,15,63,51,1,0,Production,7/11/2009,NULL,Current
227,278,407505660,NULL,11,Linda,Meisner,P,0,Buyer,7/17/2009,6/30/1970,adventure-works\linda2,linda2@adventure-works.com,916-555-0165,M,Linda Meisner,916-555-0165,0,F,2,18.2692,56,48,1,0,Purchasing,7/17/2009,NULL,Current
228,66,294148271,NULL,11,Betsy,Stadick,A,0,Production Technician - WC10,7/18/2009,7/17/1942,adventure-works\betsy0,betsy0@adventure-works.com,405-555-0171,S,Betsy Stadick,405-555-0171,0,F,1,13.45,99,69,1,0,Production,7/18/2009,NULL,Current
229,222,552560652,NULL,11,Magnus,Hedlund,E,0,Facilities Administrative Assistant,7/21/2009,3/27/1971,adventure-works\magnus0,magnus0@adventure-works.com,583-555-0182,M,Magnus Hedlund,583-555-0182,0,M,2,9.75,87,63,1,0,Facilities and Maintenance,7/21/2009,NULL,Current
230,20,834186596,NULL,11,Karan,Khanna,R,0,Production Technician - WC60,7/22/2009,10/05/1969,adventure-works\karan0,karan0@adventure-works.com,447-555-0186,S,Karan Khanna,447-555-0186,0,M,1,12.45,28,34,1,0,Production,7/22/2009,NULL,Current
231,27,717889520,NULL,11,Mary,Baker,R,0,Production Technician - WC10,7/25/2009,4/19/1986,adventure-works\mary1,mary1@adventure-works.com,283-555-0185,M,Mary Baker,283-555-0185,0,F,1,13.45,94,67,1,0,Production,7/25/2009,NULL,Current
232,27,801365500,NULL,11,Kevin,Homer,M,0,Production Technician - WC10,7/25/2009,4/19/1986,adventure-works\kevin2,kevin2@adventure-works.com,555-555-0113,S,Kevin Homer,555-555-0113,0,M,1,13.45,90,65,1,0,Production,7/25/2009,NULL,Current
233,53,413787783,NULL,11,Mihail,Frintu,U,0,Production Technician - WC40,7/29/2009,10/07/1970,adventure-works\mihail0,mihail0@adventure-works.com,733-555-0128,S,Mihail Frintu,733-555-0128,0,M,1,15,64,52,1,0,Production,7/29/2009,NULL,Current
234,189,109272464,NULL,11,Bonnie,Kearney,N,0,Production Technician - WC10,8/01/2009,4/10/1986,adventure-works\bonnie0,bonnie0@adventure-works.com,264-555-0150,M,Bonnie Kearney,264-555-0150,0,F,1,13.45,89,64,1,0,Production,8/01/2009,NULL,Current
235,278,482810518,NULL,11,Fukiko,Ogisu,J,0,Buyer,8/04/2009,6/24/1970,adventure-works\fukiko0,fukiko0@adventure-works.com,520-555-0177,M,Fukiko Ogisu,520-555-0177,0,M,2,18.2692,57,48,1,0,Purchasing,8/04/2009,NULL,Current
236,111,113393530,NULL,11,Hung-Fu,Ting,T,0,Production Technician - WC20,8/06/2009,5/23/1971,adventure-works\hung-fu0,hung-fu0@adventure-works.com,497-555-0181,S,Hung-Fu Ting,497-555-0181,0,M,1,14,0,20,1,0,Production,8/06/2009,NULL,Current
237,278,466142721,NULL,11,Gordon,Hee,L,0,Buyer,8/11/2009,6/29/1942,adventure-works\gordon0,gordon0@adventure-works.com,230-555-0144,M,Gordon Hee,230-555-0144,0,M,2,18.2692,52,46,1,0,Purchasing,8/11/2009,NULL,Current
238,66,390124815,NULL,11,Kimberly,Zimmerman,B,0,Production Technician - WC10,8/12/2009,4/13/1986,adventure-works\kimberly0,kimberly0@adventure-works.com,123-555-0167,S,Kimberly Zimmerman,123-555-0167,0,F,1,13.45,95,67,1,0,Production,8/12/2009,NULL,Current
239,18,6298838,NULL,11,Kim,Abercrombie,B,0,Production Technician - WC60,8/16/2009,7/14/1942,adventure-works\kim1,kim1@adventure-works.com,208-555-0114,M,Kim Abercrombie,208-555-0114,0,F,1,12.45,24,32,1,0,Production,8/16/2009,NULL,Current
240,53,943170460,NULL,11,Sandeep,Kaliyath,P,0,Production Technician - WC40,8/17/2009,7/03/1970,adventure-works\sandeep0,sandeep0@adventure-works.com,166-555-0156,S,Sandeep Kaliyath,166-555-0156,0,M,1,15,65,52,1,0,Production,8/17/2009,NULL,Current
241,111,339233463,NULL,11,Prasanna,Samarawickrama,E,0,Production Technician - WC20,8/22/2009,11/28/1952,adventure-works\prasanna0,prasanna0@adventure-works.com,129-555-0199,M,Prasanna Samarawickrama,129-555-0199,0,M,1,14,5,22,1,0,Production,8/22/2009,NULL,Current
242,278,367453993,NULL,11,Frank,Pellow,S,0,Buyer,8/23/2009,12/11/1951,adventure-works\frank2,frank2@adventure-works.com,163-555-0147,M,Frank Pellow,163-555-0147,0,M,2,18.2692,58,49,1,0,Purchasing,8/23/2009,NULL,Current
243,111,872923042,NULL,11,Min,Su,G,0,Production Technician - WC20,8/24/2009,4/10/1974,adventure-works\min0,min0@adventure-works.com,590-555-0152,M,Min Su,590-555-0152,0,M,1,14,1,20,1,0,Production,8/24/2009,NULL,Current
244,53,697712387,NULL,11,Eric,Brown,L,0,Production Technician - WC40,8/24/2009,7/08/1942,adventure-works\eric1,eric1@adventure-works.com,680-555-0118,M,Eric Brown,680-555-0118,0,M,1,15,60,50,1,0,Production,8/24/2009,NULL,Current
245,278,381073001,NULL,11,Eric,Kurjan,S,0,Buyer,8/27/2009,4/17/1972,adventure-works\eric2,eric2@adventure-works.com,265-555-0195,S,Eric Kurjan,265-555-0195,0,M,2,18.2692,54,47,1,0,Purchasing,8/27/2009,NULL,Current
246,51,646304055,NULL,11,Pat,Coleman,H,0,Janitor,8/27/2009,7/03/1970,adventure-works\pat0,pat0@adventure-works.com,720-555-0158,S,Pat Coleman,720-555-0158,0,M,1,9.25,89,64,1,0,Facilities and Maintenance,8/27/2009,NULL,Current
247,20,414476027,NULL,11,Maciej,Dusza,W,0,Production Technician - WC60,8/29/2009,8/30/1954,adventure-works\maciej0,maciej0@adventure-works.com,237-555-0128,S,Maciej Dusza,237-555-0128,0,M,1,12.45,30,35,1,0,Production,8/29/2009,NULL,Current
248,278,785853949,NULL,11,Erin,Hagens,M,0,Buyer,8/31/2009,8/04/1970,adventure-works\erin0,erin0@adventure-works.com,842-555-0158,S,Erin Hagens,842-555-0158,0,F,2,18.2692,53,46,1,0,Purchasing,8/31/2009,NULL,Current
249,66,90888098,NULL,11,Patrick,Wedge,C,0,Production Technician - WC10,9/01/2009,4/10/1986,adventure-works\patrick0,patrick0@adventure-works.com,413-555-0124,S,Patrick Wedge,413-555-0124,0,M,1,13.45,96,68,1,0,Production,9/01/2009,NULL,Current
250,53,947029962,NULL,11,Frank,Martinez,R,0,Production Technician - WC40,9/05/2009,10/01/1951,adventure-works\frank3,frank3@adventure-works.com,203-555-0196,M,Frank Martinez,203-555-0196,0,M,1,15,66,53,1,0,Production,9/05/2009,NULL,Current
251,18,461786517,NULL,11,Ed,Dudenhoefer,R,0,Production Technician - WC60,9/05/2009,4/11/1971,adventure-works\ed0,ed0@adventure-works.com,919-555-0140,S,Ed Dudenhoefer,919-555-0140,0,M,1,12.45,25,32,1,0,Production,9/05/2009,NULL,Current
252,27,393421437,NULL,11,Christopher,Hill,E,0,Production Technician - WC10,9/08/2009,5/01/1986,adventure-works\christopher0,christopher0@adventure-works.com,153-555-0166,M,Christopher Hill,153-555-0166,0,M,1,13.45,91,65,1,0,Production,9/08/2009,NULL,Current
253,53,988315686,NULL,11,Patrick,Cook,M,0,Production Technician - WC40,9/12/2009,7/23/1973,adventure-works\patrick1,patrick1@adventure-works.com,425-555-0117,M,Patrick Cook,425-555-0117,0,M,1,15,61,50,1,0,Production,9/12/2009,NULL,Current
254,111,56772045,NULL,11,Krishna,Sunkammurali,NULL,0,Production Technician - WC20,9/13/2009,4/05/1971,adventure-works\krishna0,krishna0@adventure-works.com,491-555-0183,S,Krishna Sunkammurali,491-555-0183,0,M,1,14,2,21,1,0,Production,9/13/2009,NULL,Current
255,51,879334904,NULL,11,Lori,Penor,K,0,Janitor,9/16/2009,2/28/1970,adventure-works\lori1,lori1@adventure-works.com,295-555-0161,M,Lori Penor,295-555-0161,0,F,1,9.25,90,65,1,0,Facilities and Maintenance,9/16/2009,NULL,Current
256,66,82638150,NULL,11,Danielle,Tiedt,C,0,Production Technician - WC10,9/20/2009,4/07/1986,adventure-works\danielle0,danielle0@adventure-works.com,500-555-0172,S,Danielle Tiedt,500-555-0172,0,F,1,13.45,97,68,1,0,Production,9/20/2009,NULL,Current
257,43,343861179,NULL,11,Sootha,Charncherngkha,T,0,Quality Assurance Technician,9/23/2009,7/05/1942,adventure-works\sootha0,sootha0@adventure-works.com,325-555-0137,M,Sootha Charncherngkha,325-555-0137,0,M,2,10.5769,85,62,1,0,Quality Assurance,9/23/2009,NULL,Current
258,20,582347317,NULL,11,Michael,Zwilling,J,0,Production Technician - WC60,9/23/2009,4/05/1973,adventure-works\michael7,michael7@adventure-works.com,582-555-0148,S,Michael Zwilling,582-555-0148,0,M,1,12.45,26,33,1,0,Production,9/23/2009,NULL,Current
259,20,8066363,NULL,11,Randy,Reeves,T,0,Production Technician - WC60,9/23/2009,11/26/1969,adventure-works\randy0,randy0@adventure-works.com,961-555-0122,M,Randy Reeves,961-555-0122,0,M,1,12.45,29,34,1,0,Production,9/23/2009,NULL,Current
260,27,561196580,NULL,11,John,Kane,T,0,Production Technician - WC10,9/27/2009,4/28/1986,adventure-works\john4,john4@adventure-works.com,254-555-0114,S,John Kane,254-555-0114,0,M,1,13.45,92,66,1,0,Production,9/27/2009,NULL,Current
261,53,58791499,NULL,11,Jack,Creasey,T,0,Production Technician - WC40,10/01/2009,3/29/1973,adventure-works\jack1,jack1@adventure-works.com,521-555-0113,S,Jack Creasey,521-555-0113,0,M,1,15,62,51,1,0,Production,10/01/2009,NULL,Current
262,111,163347032,NULL,11,Olinda,Turner,C,0,Production Technician - WC20,10/02/2009,11/02/1969,adventure-works\olinda0,olinda0@adventure-works.com,306-555-0186,S,Olinda Turner,306-555-0186,0,F,1,14,3,21,1,0,Production,10/02/2009,NULL,Current
263,51,28414965,NULL,11,Stuart,Macrae,J,0,Janitor,10/03/2009,7/17/1971,adventure-works\stuart1,stuart1@adventure-works.com,539-555-0149,M,Stuart Macrae,539-555-0149,0,M,1,9.25,88,64,1,0,Facilities and Maintenance,10/03/2009,NULL,Current
264,51,153479919,NULL,11,Jo,Berry,L,0,Janitor,10/05/2009,11/22/1953,adventure-works\jo1,jo1@adventure-works.com,228-555-0159,M,Jo Berry,228-555-0159,0,F,1,9.25,91,65,1,0,Facilities and Maintenance,10/05/2009,NULL,Current
265,278,20269531,NULL,11,Ben,Miller,T,0,Buyer,10/07/2009,1/01/1973,adventure-works\ben0,ben0@adventure-works.com,151-555-0113,M,Ben Miller,151-555-0113,0,M,2,18.2692,55,47,1,0,Purchasing,10/07/2009,NULL,Current
266,66,826454897,NULL,11,Tom,Vande Velde,M,0,Production Technician - WC10,10/08/2009,5/01/1986,adventure-works\tom0,tom0@adventure-works.com,295-555-0161,M,Tom Vande Velde,295-555-0161,0,M,1,13.45,98,69,1,0,Production,10/08/2009,NULL,Current
267,3,974026903,NULL,11,Ovidiu,Cracium,V,0,Senior Tool Designer,7/05/2010,8/17/1977,adventure-works\ovidiu0,ovidiu0@adventure-works.com,719-555-0181,S,Ovidiu Cracium,719-555-0181,0,M,2,28.8462,7,23,1,0,Tool Design,7/05/2010,NULL,Current
268,278,437296311,NULL,11,Annette,Hill,L,0,Purchasing Assistant,7/06/2010,8/29/1977,adventure-works\annette0,annette0@adventure-works.com,125-555-0196,M,Annette Hill,125-555-0196,0,F,2,12.75,50,45,1,0,Purchasing,7/06/2010,NULL,Current
269,267,486228782,NULL,11,Janice,Galvin,M,0,Tool Designer,7/23/2010,12/26/1988,adventure-works\janice0,janice0@adventure-works.com,473-555-0117,M,Janice Galvin,473-555-0117,0,F,2,25,8,24,1,0,Tool Design,7/23/2010,NULL,Current
270,278,280633567,NULL,11,Reinout,Hillmann,N,0,Purchasing Assistant,7/25/2010,8/17/1977,adventure-works\reinout0,reinout0@adventure-works.com,370-555-0163,M,Reinout Hillmann,370-555-0163,0,M,2,12.75,51,45,1,0,Purchasing,7/25/2010,NULL,Current
271,3,42487730,NULL,11,Michael,Sullivan,I,0,Senior Design Engineer,7/30/2010,1/14/1979,adventure-works\michael8,michael8@adventure-works.com,465-555-0156,S,Michael Sullivan,465-555-0156,1,M,2,36.0577,3,21,1,0,Engineering,7/30/2010,NULL,Current
272,277,502097814,NULL,11,Stephen,Jiang,Y,0,North American Sales Manager,8/04/2010,5/17/1951,adventure-works\stephen0,stephen0@adventure-works.com,238-555-0197,M,Stephen Jiang,238-555-0197,1,M,2,48.101,14,27,1,1,Sales,8/04/2010,NULL,Current
273,7,323403273,NULL,11,Wanida,Benshoof,M,0,Marketing Assistant,8/07/2010,10/15/1974,adventure-works\wanida0,wanida0@adventure-works.com,708-555-0141,M,Wanida Benshoof,708-555-0141,0,F,2,13.4615,41,40,1,0,Marketing,8/07/2010,NULL,Current
274,3,56920285,NULL,11,Sharon,Salavaria,B,0,Design Engineer,8/18/2010,11/30/1960,adventure-works\sharon0,sharon0@adventure-works.com,970-555-0138,M,Sharon Salavaria,970-555-0138,1,F,2,32.6923,4,22,1,0,Engineering,8/18/2010,NULL,Current
275,7,222969461,NULL,11,John,Wood,L,0,Marketing Specialist,9/07/2010,10/04/1977,adventure-works\john5,john5@adventure-works.com,486-555-0150,S,John Wood,486-555-0150,0,M,2,14.4231,48,44,1,0,Marketing,9/07/2010,NULL,Current
276,7,52541318,NULL,11,Mary,Dempsey,A,0,Marketing Assistant,9/14/2010,8/29/1977,adventure-works\mary2,mary2@adventure-works.com,124-555-0114,S,Mary Dempsey,124-555-0114,0,F,2,13.4615,43,41,1,0,Marketing,9/14/2010,NULL,Current
277,112,112432117,NULL,11,Brian,Welcker,S,0,Vice President of Sales,9/15/2010,1/04/1977,adventure-works\brian3,brian3@adventure-works.com,716-555-0127,S,Brian Welcker,716-555-0127,1,M,2,72.1154,10,25,1,0,Sales,9/15/2010,NULL,Current
278,73,895209680,NULL,11,Sheela,Word,H,0,Purchasing Manager,9/25/2010,9/10/1977,adventure-works\sheela0,sheela0@adventure-works.com,210-555-0193,S,Sheela Word,210-555-0193,1,F,2,30,49,44,1,0,Purchasing,9/25/2010,2/27/2011,NULL
279,73,895209680,NULL,11,Sheela,Word,H,0,Purchasing Manager,9/25/2010,9/10/1977,adventure-works\sheela0,sheela0@adventure-works.com,210-555-0193,S,Sheela Word,210-555-0193,1,F,2,30,49,44,1,0,Purchasing,2/28/2011,2/12/2012,NULL
280,73,895209680,NULL,11,Sheela,Word,H,0,Purchasing Manager,9/25/2010,9/10/1977,adventure-works\sheela0,sheela0@adventure-works.com,210-555-0193,S,Sheela Word,210-555-0193,1,F,2,30,49,44,1,0,Purchasing,2/13/2012,NULL,Current
281,272,841560125,NULL,2,Michael,Blythe,G,0,Sales Representative,12/29/2010,7/25/1968,adventure-works\michael9,michael9@adventure-works.com,257-555-0154,S,Michael Blythe,257-555-0154,1,M,2,23.0769,38,39,1,1,Sales,12/29/2010,NULL,Current
282,272,191644724,NULL,4,Linda,Mitchell,C,0,Sales Representative,12/29/2010,9/27/1979,adventure-works\linda3,linda3@adventure-works.com,883-555-0116,M,Linda Mitchell,883-555-0116,1,F,2,23.0769,27,33,1,1,Sales,12/29/2010,NULL,Current
283,272,615389812,NULL,3,Jillian,Carson,NULL,0,Sales Representative,12/29/2010,3/29/1962,adventure-works\jillian0,jillian0@adventure-works.com,517-555-0117,S,Jillian Carson,517-555-0117,1,F,2,23.0769,24,32,1,1,Sales,12/29/2010,NULL,Current
284,272,234474252,NULL,6,Garrett,Vargas,R,0,Sales Representative,12/29/2010,9/04/1974,adventure-works\garrett1,garrett1@adventure-works.com,922-555-0165,M,Garrett Vargas,922-555-0165,1,M,2,23.0769,33,36,1,1,Sales,12/29/2010,NULL,Current
285,272,716374314,NULL,5,Tsvi,Reiter,Michael,0,Sales Representative,12/29/2010,8/18/1973,adventure-works\tsvi0,tsvi0@adventure-works.com,664-555-0112,M,Tsvi Reiter,664-555-0112,1,M,2,23.0769,29,34,1,1,Sales,12/29/2010,NULL,Current
286,272,61161660,NULL,1,Pamela,Ansman-Wolfe,O,0,Sales Representative,12/29/2010,7/06/1974,adventure-works\pamela0,pamela0@adventure-works.com,340-555-0193,S,Pamela Ansman-Wolfe,340-555-0193,1,F,2,23.0769,22,31,1,1,Sales,12/29/2010,NULL,Current
287,272,139397894,NULL,4,Shu,Ito,K,0,Sales Representative,12/29/2010,10/08/1943,adventure-works\shu0,shu0@adventure-works.com,330-555-0120,M,Shu Ito,330-555-0120,1,M,2,23.0769,26,33,1,1,Sales,12/29/2010,NULL,Current
288,272,399771412,NULL,6,José,Saraiva,Edvaldo,0,Sales Representative,12/29/2010,7/11/1939,adventure-works\josé1,josé1@adventure-works.com,185-555-0169,M,José Saraiva,185-555-0169,1,M,2,23.0769,31,35,1,1,Sales,12/29/2010,NULL,Current
289,272,987554265,NULL,1,David,Campbell,R,0,Sales Representative,12/29/2010,9/11/1973,adventure-works\david8,david8@adventure-works.com,740-555-0182,S,David Campbell,740-555-0182,1,M,2,23.0769,23,31,1,1,Sales,12/29/2010,NULL,Current
290,277,982310417,NULL,11,Amy,Alberts,E,0,European Sales Manager,11/15/2011,4/20/1957,adventure-works\amy0,amy0@adventure-works.com,775-555-0164,M,Amy Alberts,775-555-0164,1,F,2,48.101,21,30,1,1,Sales,11/15/2011,NULL,Current
291,290,668991357,NULL,10,Jae,Pak,B,0,Sales Representative,12/29/2011,10/16/1967,adventure-works\jae0,jae0@adventure-works.com,1 (11) 500 555-0145,M,Jae Pak,1 (11) 500 555-0145,1,F,2,23.0769,37,38,1,1,Sales,12/29/2011,NULL,Current
292,290,134219713,NULL,7,Ranjit,Varkey Chudukatil,R,0,Sales Representative,12/29/2011,4/30/1975,adventure-works\ranjit0,ranjit0@adventure-works.com,1 (11) 500 555-0117,S,Ranjit Varkey Chudukatil,1 (11) 500 555-0117,1,M,2,23.0769,34,37,1,1,Sales,12/29/2011,NULL,Current
293,272,90836195,NULL,1,Tete,Mensa-Annan,A,0,Sales Representative,4/30/2012,8/05/1977,adventure-works\tete0,tete0@adventure-works.com,615-555-0153,M,Tete Mensa-Annan,615-555-0153,1,M,2,23.0769,39,39,1,1,Sales,4/30/2012,NULL,Current
294,277,481044938,NULL,11,Syed,Abbas,E,0,Pacific Sales Manager,10/12/2012,8/11/1974,adventure-works\syed0,syed0@adventure-works.com,926-555-0182,M,Syed Abbas,926-555-0182,1,M,2,48.101,20,30,1,1,Sales,10/12/2012,NULL,Current
295,290,954276278,NULL,8,Rachel,Valdez,B,0,Sales Representative,12/28/2012,2/06/1975,adventure-works\rachel0,rachel0@adventure-works.com,1 (11) 500 555-0140,S,Rachel Valdez,1 (11) 500 555-0140,1,F,2,23.0769,35,37,1,1,Sales,12/28/2012,NULL,Current
296,294,758596752,NULL,9,Lynn,Tsoflias,N,0,Sales Representative,12/28/2012,10/16/1970,adventure-works\lynn0,lynn0@adventure-works.com,1 (11) 500 555-0190,S,Lynn Tsoflias,1 (11) 500 555-0190,1,F,2,23.0769,36,38,1,1,Sales,12/28/2012,NULL,Current
